{"100":{"name":"石狩地方北部","furi":"いしかりちほうほくぶ"},"101":{"name":"石狩地方中部","furi":"いしかりちほうちゅうぶ"},"102":{"name":"石狩地方南部","furi":"いしかりちほうなんぶ"},"105":{"name":"渡島地方北部","furi":"おしまちほうほくぶ"},"106":{"name":"渡島地方東部","furi":"おしまちほうとうぶ"},"107":{"name":"渡島地方西部","furi":"おしまちほうせいぶ"},"110":{"name":"檜山地方","furi":"ひやまちほう"},"115":{"name":"後志地方北部","furi":"しりべしちほうほくぶ"},"116":{"name":"後志地方東部","furi":"しりべしちほうとうぶ"},"117":{"name":"後志地方西部","furi":"しりべしちほうせいぶ"},"119":{"name":"北海道奥尻島","furi":"ほっかいどうおくしりとう"},"120":{"name":"空知地方北部","furi":"そらちちほうほくぶ"},"121":{"name":"空知地方中部","furi":"そらちちほうちゅうぶ"},"122":{"name":"空知地方南部","furi":"そらちちほうなんぶ"},"125":{"name":"上川地方北部","furi":"かみかわちほうほくぶ"},"126":{"name":"上川地方中部","furi":"かみかわちほうちゅうぶ"},"127":{"name":"上川地方南部","furi":"かみかわちほうなんぶ"},"130":{"name":"留萌地方中北部","furi":"るもいちほうちゅうほくぶ"},"131":{"name":"留萌地方南部","furi":"るもいちほうなんぶ"},"135":{"name":"宗谷地方北部","furi":"そうやちほうほくぶ"},"136":{"name":"宗谷地方南部","furi":"そうやちほうなんぶ"},"139":{"name":"北海道利尻礼文","furi":"ほっかいどうりしりれぶん"},"140":{"name":"網走地方","furi":"あばしりちほう"},"141":{"name":"北見地方","furi":"きたみちほう"},"142":{"name":"紋別地方","furi":"もんべつちほう"},"145":{"name":"胆振地方西部","furi":"いぶりちほうせいぶ"},"146":{"name":"胆振地方中東部","furi":"いぶりちほうちゅうとうぶ"},"150":{"name":"日高地方西部","furi":"ひだかちほうせいぶ"},"151":{"name":"日高地方中部","furi":"ひだかちほうちゅうぶ"},"152":{"name":"日高地方東部","furi":"ひだかちほうとうぶ"},"155":{"name":"十勝地方北部","furi":"とかちちほうほくぶ"},"156":{"name":"十勝地方中部","furi":"とかちちほうちゅうぶ"},"157":{"name":"十勝地方南部","furi":"とかちちほうなんぶ"},"160":{"name":"釧路地方北部","furi":"くしろちほうほくぶ"},"161":{"name":"釧路地方中南部","furi":"くしろちほうちゅうなんぶ"},"165":{"name":"根室地方北部","furi":"ねむろちほうほくぶ"},"166":{"name":"根室地方中部","furi":"ねむろちほうちゅうぶ"},"167":{"name":"根室地方南部","furi":"ねむろちほうなんぶ"},"200":{"name":"青森県津軽北部","furi":"あおもりけんつがるほくぶ"},"201":{"name":"青森県津軽南部","furi":"あおもりけんつがるなんぶ"},"202":{"name":"青森県三八上北","furi":"あおもりけんさんぱちかみきた"},"203":{"name":"青森県下北","furi":"あおもりけんしもきた"},"210":{"name":"岩手県沿岸北部","furi":"いわてけんえんがんほくぶ"},"211":{"name":"岩手県沿岸南部","furi":"いわてけんえんがんなんぶ"},"212":{"name":"岩手県内陸北部","furi":"いわてけんないりくほくぶ"},"213":{"name":"岩手県内陸南部","furi":"いわてけんないりくなんぶ"},"220":{"name":"宮城県北部","furi":"みやぎけんほくぶ"},"221":{"name":"宮城県南部","furi":"みやぎけんなんぶ"},"222":{"name":"宮城県中部","furi":"みやぎけんちゅうぶ"},"230":{"name":"秋田県沿岸北部","furi":"あきたけんえんがんほくぶ"},"231":{"name":"秋田県沿岸南部","furi":"あきたけんえんがんなんぶ"},"232":{"name":"秋田県内陸北部","furi":"あきたけんないりくほくぶ"},"233":{"name":"秋田県内陸南部","furi":"あきたけんないりくなんぶ"},"240":{"name":"山形県庄内","furi":"やまがたけんしょうない"},"241":{"name":"山形県最上","furi":"やまがたけんもがみ"},"242":{"name":"山形県村山","furi":"やまがたけんむらやま"},"243":{"name":"山形県置賜","furi":"やまがたけんおきたま"},"250":{"name":"福島県中通り","furi":"ふくしまけんなかどおり"},"251":{"name":"福島県浜通り","furi":"ふくしまけんはまどおり"},"252":{"name":"福島県会津","furi":"ふくしまけんあいづ"},"300":{"name":"茨城県北部","furi":"いばらきけんほくぶ"},"301":{"name":"茨城県南部","furi":"いばらきけんなんぶ"},"310":{"name":"栃木県北部","furi":"とちぎけんほくぶ"},"311":{"name":"栃木県南部","furi":"とちぎけんなんぶ"},"320":{"name":"群馬県北部","furi":"ぐんまけんほくぶ"},"321":{"name":"群馬県南部","furi":"ぐんまけんなんぶ"},"330":{"name":"埼玉県北部","furi":"さいたまけんほくぶ"},"331":{"name":"埼玉県南部","furi":"さいたまけんなんぶ"},"332":{"name":"埼玉県秩父","furi":"さいたまけんちちぶ"},"340":{"name":"千葉県北東部","furi":"ちばけんほくとうぶ"},"341":{"name":"千葉県北西部","furi":"ちばけんほくせいぶ"},"342":{"name":"千葉県南部","furi":"ちばけんなんぶ"},"350":{"name":"東京都２３区","furi":"とうきょうとにじゅうさんく"},"351":{"name":"東京都多摩東部","furi":"とうきょうとたまとうぶ"},"352":{"name":"東京都多摩西部","furi":"とうきょうとたませいぶ"},"354":{"name":"神津島","furi":"こうづしま"},"355":{"name":"伊豆大島","furi":"いずおおしま"},"356":{"name":"新島","furi":"にいじま"},"357":{"name":"三宅島","furi":"みやけじま"},"358":{"name":"八丈島","furi":"はちじょうじま"},"359":{"name":"小笠原","furi":"おがさわら"},"360":{"name":"神奈川県東部","furi":"かながわけんとうぶ"},"361":{"name":"神奈川県西部","furi":"かながわけんせいぶ"},"370":{"name":"新潟県上越","furi":"にいがたけんじょうえつ"},"371":{"name":"新潟県中越","furi":"にいがたけんちゅうえつ"},"372":{"name":"新潟県下越","furi":"にいがたけんかえつ"},"375":{"name":"新潟県佐渡","furi":"にいがたけんさど"},"380":{"name":"富山県東部","furi":"とやまけんとうぶ"},"381":{"name":"富山県西部","furi":"とやまけんせいぶ"},"390":{"name":"石川県能登","furi":"いしかわけんのと"},"391":{"name":"石川県加賀","furi":"いしかわけんかが"},"400":{"name":"福井県嶺北","furi":"ふくいけんれいほく"},"401":{"name":"福井県嶺南","furi":"ふくいけんれいなん"},"411":{"name":"山梨県中・西部","furi":"やまなしけんちゅうせいぶ"},"412":{"name":"山梨県東部・富士五湖","furi":"やまなしけんとうぶふじごこ"},"420":{"name":"長野県北部","furi":"ながのけんほくぶ"},"421":{"name":"長野県中部","furi":"ながのけんちゅうぶ"},"422":{"name":"長野県南部","furi":"ながのけんなんぶ"},"430":{"name":"岐阜県飛騨","furi":"ぎふけんひだ"},"431":{"name":"岐阜県美濃東部","furi":"ぎふけんみのとうぶ"},"432":{"name":"岐阜県美濃中西部","furi":"ぎふけんみのちゅうせいぶ"},"440":{"name":"静岡県伊豆","furi":"しずおかけんいず"},"441":{"name":"静岡県東部","furi":"しずおかけんとうぶ"},"442":{"name":"静岡県中部","furi":"しずおかけんちゅうぶ"},"443":{"name":"静岡県西部","furi":"しずおかけんせいぶ"},"450":{"name":"愛知県東部","furi":"あいちけんとうぶ"},"451":{"name":"愛知県西部","furi":"あいちけんせいぶ"},"460":{"name":"三重県北部","furi":"みえけんほくぶ"},"461":{"name":"三重県中部","furi":"みえけんちゅうぶ"},"462":{"name":"三重県南部","furi":"みえけんなんぶ"},"500":{"name":"滋賀県北部","furi":"しがけんほくぶ"},"501":{"name":"滋賀県南部","furi":"しがけんなんぶ"},"510":{"name":"京都府北部","furi":"きょうとふほくぶ"},"511":{"name":"京都府南部","furi":"きょうとふなんぶ"},"520":{"name":"大阪府北部","furi":"おおさかふほくぶ"},"521":{"name":"大阪府南部","furi":"おおさかふなんぶ"},"530":{"name":"兵庫県北部","furi":"ひょうごけんほくぶ"},"531":{"name":"兵庫県南東部","furi":"ひょうごけんなんとうぶ"},"532":{"name":"兵庫県南西部","furi":"ひょうごけんなんせいぶ"},"535":{"name":"兵庫県淡路島","furi":"ひょうごけんあわじしま"},"540":{"name":"奈良県","furi":"ならけん"},"550":{"name":"和歌山県北部","furi":"わかやまけんほくぶ"},"551":{"name":"和歌山県南部","furi":"わかやまけんなんぶ"},"560":{"name":"鳥取県東部","furi":"とっとりけんとうぶ"},"562":{"name":"鳥取県中部","furi":"とっとりけんちゅうぶ"},"563":{"name":"鳥取県西部","furi":"とっとりけんせいぶ"},"570":{"name":"島根県東部","furi":"しまねけんとうぶ"},"571":{"name":"島根県西部","furi":"しまねけんせいぶ"},"575":{"name":"島根県隠岐","furi":"しまねけんおき"},"580":{"name":"岡山県北部","furi":"おかやまけんほくぶ"},"581":{"name":"岡山県南部","furi":"おかやまけんなんぶ"},"590":{"name":"広島県北部","furi":"ひろしまけんほくぶ"},"591":{"name":"広島県南東部","furi":"ひろしまけんなんとうぶ"},"592":{"name":"広島県南西部","furi":"ひろしまけんなんせいぶ"},"600":{"name":"徳島県北部","furi":"とくしまけんほくぶ"},"601":{"name":"徳島県南部","furi":"とくしまけんなんぶ"},"610":{"name":"香川県東部","furi":"かがわけんとうぶ"},"611":{"name":"香川県西部","furi":"かがわけんせいぶ"},"620":{"name":"愛媛県東予","furi":"えひめけんとうよ"},"621":{"name":"愛媛県中予","furi":"えひめけんちゅうよ"},"622":{"name":"愛媛県南予","furi":"えひめけんなんよ"},"630":{"name":"高知県東部","furi":"こうちけんとうぶ"},"631":{"name":"高知県中部","furi":"こうちけんちゅうぶ"},"632":{"name":"高知県西部","furi":"こうちけんせいぶ"},"700":{"name":"山口県北部","furi":"やまぐちけんほくぶ"},"702":{"name":"山口県西部","furi":"やまぐちけんせいぶ"},"703":{"name":"山口県東部","furi":"やまぐちけんとうぶ"},"704":{"name":"山口県中部","furi":"やまぐちけんちゅうぶ"},"710":{"name":"福岡県福岡","furi":"ふくおかけんふくおか"},"711":{"name":"福岡県北九州","furi":"ふくおかけんきたきゅうしゅう"},"712":{"name":"福岡県筑豊","furi":"ふくおかけんちくほう"},"713":{"name":"福岡県筑後","furi":"ふくおかけんちくご"},"720":{"name":"佐賀県北部","furi":"さがけんほくぶ"},"721":{"name":"佐賀県南部","furi":"さがけんなんぶ"},"730":{"name":"長崎県北部","furi":"ながさきけんほくぶ"},"731":{"name":"長崎県南西部","furi":"ながさきけんなんせいぶ"},"732":{"name":"長崎県島原半島","furi":"ながさきけんしまばらはんとう"},"735":{"name":"長崎県対馬","furi":"ながさきけんつしま"},"736":{"name":"長崎県壱岐","furi":"ながさきけんいき"},"737":{"name":"長崎県五島","furi":"ながさきけんごとう"},"740":{"name":"熊本県阿蘇","furi":"くまもとけんあそ"},"741":{"name":"熊本県熊本","furi":"くまもとけんくまもと"},"742":{"name":"熊本県球磨","furi":"くまもとけんくま"},"743":{"name":"熊本県天草・芦北","furi":"くまもとけんあまくさあしきた"},"750":{"name":"大分県北部","furi":"おおいたけんほくぶ"},"751":{"name":"大分県中部","furi":"おおいたけんちゅうぶ"},"752":{"name":"大分県南部","furi":"おおいたけんなんぶ"},"753":{"name":"大分県西部","furi":"おおいたけんせいぶ"},"760":{"name":"宮崎県北部平野部","furi":"みやざきけんほくぶへいやぶ"},"761":{"name":"宮崎県北部山沿い","furi":"みやざきけんほくぶやまぞい"},"762":{"name":"宮崎県南部平野部","furi":"みやざきけんなんぶへいやぶ"},"763":{"name":"宮崎県南部山沿い","furi":"みやざきけんなんぶやまぞい"},"770":{"name":"鹿児島県薩摩","furi":"かごしまけんさつま"},"771":{"name":"鹿児島県大隅","furi":"かごしまけんおおすみ"},"774":{"name":"鹿児島県十島村","furi":"かごしまけんとしまむら"},"775":{"name":"鹿児島県甑島","furi":"かごしまけんこしきしま"},"776":{"name":"鹿児島県種子島","furi":"かごしまけんたねがしま"},"777":{"name":"鹿児島県屋久島","furi":"かごしまけんやくしま"},"778":{"name":"鹿児島県奄美北部","furi":"かごしまけんあまみほくぶ"},"779":{"name":"鹿児島県奄美南部","furi":"かごしまけんあまみなんぶ"},"800":{"name":"沖縄県本島北部","furi":"おきなわけんほんとうほくぶ"},"801":{"name":"沖縄県本島中南部","furi":"おきなわけんほんとうちゅうなんぶ"},"802":{"name":"沖縄県久米島","furi":"おきなわけんくめじま"},"803":{"name":"沖縄県大東島","furi":"おきなわけんだいとうじま"},"804":{"name":"沖縄県宮古島","furi":"おきなわけんみやこじま"},"805":{"name":"沖縄県石垣島","furi":"おきなわけんいしがきじま"},"806":{"name":"沖縄県与那国島","furi":"おきなわけんよなぐにじま"},"807":{"name":"沖縄県西表島","furi":"おきなわけんいりおもてじま"}}