[
  {
    "latitude": 45.178,
    "longitude": 141.976,
    "name": "宗谷地方北部",
  },
  {
    "latitude": 45.294,
    "longitude": 141.122,
    "name": "北海道利尻礼文",
  },
  {
    "latitude": 44.894,
    "longitude": 142.471,
    "name": "宗谷地方南部",
  },
  {
    "latitude": 44.660,
    "longitude": 141.888,
    "name": "留萌地方中北部",
  },
  {
    "latitude": 44.185,
    "longitude": 141.825,
    "name": "留萌地方南部",
  },
  {
    "latitude": 44.364,
    "longitude": 142.421,
    "name": "上川地方北部",
  },
  {
    "latitude": 43.748,
    "longitude": 142.627,
    "name": "上川地方中部",
  },
  {
    "latitude": 43.205,
    "longitude": 142.514,
    "name": "上川地方南部",
  },
  {
    "latitude": 43.805,
    "longitude": 144.399,
    "name": "網走地方",
  },
  {
    "latitude": 43.871,
    "longitude": 143.599,
    "name": "北見地方",
  },
  {
    "latitude": 44.223,
    "longitude": 143.190,
    "name": "紋別地方",
  },
  {
    "latitude": 43.630,
    "longitude": 144.896,
    "name": "根室地方北部",
  },
  {
    "latitude": 43.429,
    "longitude": 145.014,
    "name": "根室地方中部",
  },
  {
    "latitude": 43.281,
    "longitude": 145.582,
    "name": "根室地方南部",
  },
  {
    "latitude": 43.589,
    "longitude": 144.377,
    "name": "釧路地方北部",
  },
  {
    "latitude": 43.215,
    "longitude": 144.355,
    "name": "釧路地方中南部",
  },
  {
    "latitude": 43.411,
    "longitude": 143.333,
    "name": "十勝地方北部",
  },
  {
    "latitude": 43.043,
    "longitude": 143.289,
    "name": "十勝地方中部",
  },
  {
    "latitude": 42.587,
    "longitude": 143.149,
    "name": "十勝地方南部",
  },
  {
    "latitude": 43.823,
    "longitude": 142.031,
    "name": "空知地方北部",
  },
  {
    "latitude": 43.559,
    "longitude": 141.954,
    "name": "空知地方中部",
  },
  {
    "latitude": 43.169,
    "longitude": 141.943,
    "name": "空知地方南部",
  },
  {
    "latitude": 43.455,
    "longitude": 141.487,
    "name": "石狩地方北部",
  },
  {
    "latitude": 43.021,
    "longitude": 141.330,
    "name": "石狩地方中部",
  },
  {
    "latitude": 42.839,
    "longitude": 141.468,
    "name": "石狩地方南部",
  },
  {
    "latitude": 43.141,
    "longitude": 140.864,
    "name": "後志地方北部",
  },
  {
    "latitude": 42.823,
    "longitude": 140.853,
    "name": "後志地方東部",
  },
  {
    "latitude": 42.781,
    "longitude": 140.388,
    "name": "後志地方西部",
  },
  {
    "latitude": 42.210,
    "longitude": 143.014,
    "name": "日高地方東部",
  },
  {
    "latitude": 42.435,
    "longitude": 142.591,
    "name": "日高地方中部",
  },
  {
    "latitude": 42.658,
    "longitude": 142.350,
    "name": "日高地方西部",
  },
  {
    "latitude": 42.654,
    "longitude": 141.553,
    "name": "胆振地方中東部",
  },
  {
    "latitude": 42.601,
    "longitude": 140.855,
    "name": "胆振地方西部",
  },
  {
    "latitude": 42.202,
    "longitude": 140.267,
    "name": "渡島地方北部",
  },
  {
    "latitude": 41.979,
    "longitude": 140.696,
    "name": "渡島地方東部",
  },
  {
    "latitude": 41.555,
    "longitude": 140.273,
    "name": "渡島地方西部",
  },
  {
    "latitude": 42.102,
    "longitude": 140.023,
    "name": "檜山地方",
  },
  {
    "latitude": 42.146,
    "longitude": 139.474,
    "name": "北海道奥尻島",
  },
  {
    "latitude": 41.342,
    "longitude": 141.191,
    "name": "青森県下北",
  },
  {
    "latitude": 40.635,
    "longitude": 141.273,
    "name": "青森県三八上北",
  },
  {
    "latitude": 40.833,
    "longitude": 140.521,
    "name": "青森県津軽北部",
  },
  {
    "latitude": 40.606,
    "longitude": 140.427,
    "name": "青森県津軽南部",
  },
  {
    "latitude": 39.918,
    "longitude": 141.689,
    "name": "岩手県沿岸北部",
  },
  {
    "latitude": 39.202,
    "longitude": 141.762,
    "name": "岩手県沿岸南部",
  },
  {
    "latitude": 39.926,
    "longitude": 141.152,
    "name": "岩手県内陸北部",
  },
  {
    "latitude": 39.146,
    "longitude": 141.141,
    "name": "岩手県内陸南部",
  },
  {
    "latitude": 38.676,
    "longitude": 141.075,
    "name": "宮城県北部",
  },
  {
    "latitude": 38.422,
    "longitude": 140.861,
    "name": "宮城県中部",
  },
  {
    "latitude": 38.029,
    "longitude": 140.735,
    "name": "宮城県南部",
  },
  {
    "latitude": 39.904,
    "longitude": 140.619,
    "name": "秋田県内陸北部",
  },
{
  "latitude": 39.349,
  "longitude": 140.482,
  "name": "秋田県内陸南部"
},
{
  "latitude": 40.110,
  "longitude": 140.207,
  "name": "秋田県沿岸北部"
},
{
  "latitude": 39.392,
  "longitude": 140.202,
  "name": "秋田県沿岸南部"
},
{
  "latitude": 38.764,
  "longitude": 139.943,
  "name": "山形県庄内"
},
{
  "latitude": 38.883,
  "longitude": 140.317,
  "name": "山形県最上"
},
  {
    "latitude": 38.395,
    "longitude": 140.301,
    "name": "山形県村山",
  },
  {
    "latitude": 38.036,
    "longitude": 139.971,
    "name": "山形県置賜",
  },
  {
    "latitude": 37.380,
    "longitude": 140.894,
    "name": "福島県浜通り",
  },
  {
    "latitude": 37.506,
    "longitude": 140.312,
    "name": "福島県中通り",
  },
  {
    "latitude": 37.397,
    "longitude": 139.691,
    "name": "福島県会津",
  },
  {
    "latitude": 36.576,
    "longitude": 140.460,
    "name": "茨城県北部",
  },
  {
    "latitude": 36.119,
    "longitude": 140.075,
    "name": "茨城県南部",
  },
  {
    "latitude": 36.893,
    "longitude": 139.768,
    "name": "栃木県北部",
  },
  {
    "latitude": 36.452,
    "longitude": 139.773,
    "name": "栃木県南部",
  },
  {
    "latitude": 36.642,
    "longitude": 138.933,
    "name": "群馬県北部",
  },
  {
    "latitude": 36.399,
    "longitude": 138.922,
    "name": "群馬県南部",
  },
  {
    "latitude": 36.115,
    "longitude": 139.427,
    "name": "埼玉県北部",
  },
  {
    "latitude": 35.924,
    "longitude": 139.631,
    "name": "埼玉県南部",
  },
  {
    "latitude": 36.0,
    "longitude": 138.920,
    "name": "埼玉県秩父",
  },
  {
    "latitude": 35.533,
    "longitude": 140.386,
    "name": "千葉県北東部",
  },
  {
    "latitude": 35.649,
    "longitude": 140.172,
    "name": "千葉県北西部",
  },
  {
    "latitude": 35.185,
    "longitude": 139.993,
    "name": "千葉県南部",
  },
  {
    "latitude": 35.640,
    "longitude": 139.743,
    "name": "東京都２３区",
  },
  {
    "latitude": 35.685,
    "longitude": 139.411,
    "name": "東京都多摩東部",
  },
  {
    "latitude": 35.785,
    "longitude": 139.133,
    "name": "東京都多摩西部",
  },
  {
    "latitude": 35.383,
    "longitude": 139.532,
    "name": "神奈川県東部",
  },
  {
    "latitude": 35.367,
    "longitude": 139.150,
    "name": "神奈川県西部",
  },
  {
    "latitude": 34.735,
    "longitude": 139.394,
    "name": "伊豆大島",
  },
  {
    "latitude": 34.371,
    "longitude": 139.271,
    "name": "新島",
  },
  {
    "latitude": 34.210,
    "longitude": 139.139,
    "name": "神津島",
  },
  {
    "latitude": 33.982,
    "longitude": 139.589,
    "name": "三宅島",
  },
  {
    "latitude": 33.092,
    "longitude": 139.801,
    "name": "八丈島",
  },
  {
    "latitude": 27.095,
    "longitude": 142.188,
    "name": "小笠原",
  },
  {
    "latitude": 37.820,
    "longitude": 139.378,
    "name": "新潟県下越",
  },
  {
    "latitude": 37.380,
    "longitude": 138.933,
    "name": "新潟県中越",
  },
  {
    "latitude": 37.069,
    "longitude": 138.153,
    "name": "新潟県上越",
  },
  {
    "latitude": 38.058,
    "longitude": 138.397,
    "name": "新潟県佐渡",
  },
  {
    "latitude": 36.667,
    "longitude": 137.444,
    "name": "富山県東部",
  },
  {
    "latitude": 36.641,
    "longitude": 137.008,
    "name": "富山県西部",
  },
  {
    "latitude": 37.196,
    "longitude": 136.860,
    "name": "石川県能登",
  },
  {
    "latitude": 36.426,
    "longitude": 136.598,
    "name": "石川県加賀",
  },
  {
    "latitude": 35.934,
    "longitude": 136.279,
    "name": "福井県嶺北",
  },
  {
    "latitude": 136.250,
    "longitude": 135.820,
    "name": "福井県嶺南",
  },
  {
    "latitude": 36.676,
    "longitude": 138.084,
    "name": "長野県北部",
  },
  {
    "latitude": 36.267,
    "longitude": 137.972,
    "name": "長野県中部",
  },
  {
    "latitude": 35.610,
    "longitude": 137.961,
    "name": "長野県南部",
  },
  {
    "latitude": 35.638,
    "longitude": 138.897,
    "name": "山梨県東部・富士五湖",
  },
  {
    "latitude": 35.685,
    "longitude": 138.504,
    "name": "山梨県中・西部",
  },
  {
    "latitude": 36.148,
    "longitude": 137.263,
    "name": "岐阜県飛騨",
  },
  {
    "latitude": 35.575,
    "longitude": 137.403,
    "name": "岐阜県美濃東部",
  },
  {
    "latitude": 35.633,
    "longitude": 136.711,
    "name": "岐阜県美濃中西部",
  },
  {
    "latitude": 34.800,
    "longitude": 138.867,
    "name": "静岡県伊豆",
  },
  {
    "latitude": 35.199,
    "longitude": 138.839,
    "name": "静岡県東部",
  },
  {
    "latitude": 35.078,
    "longitude": 138.274,
    "name": "静岡県中部",
  },
  {
    "latitude": 34.900,
    "longitude": 137.878,
    "name": "静岡県西部",
  },
  {
    "latitude": 35.017,
    "longitude": 137.466,
    "name": "愛知県東部",
  },
  {
    "latitude": 35.233,
    "longitude": 136.961,
    "name": "愛知県西部",
  },
  {
    "latitude": 35.026,
    "longitude": 136.595,
    "name": "三重県北部",
  },
  {
    "latitude": 34.613,
    "longitude": 136.387,
    "name": "三重県中部",
  },
  {
    "latitude": 34.041,
    "longitude": 136.140,
    "name": "三重県南部",
  },
  {
    "latitude": 35.444,
    "longitude": 136.197,
    "name": "滋賀県北部",
  },
{
  "latitude": 35.031,
  "longitude": 136.101,
  "name": "滋賀県南部"
},
{
  "latitude": 35.406,
  "longitude": 135.222,
  "name": "京都府北部"
},
{
  "latitude": 35.139,
  "longitude": 135.637,
  "name": "京都府南部"
},
  {
    "latitude": 35.576,
    "longitude": 134.662,
    "name": "兵庫県北部",
  },
  {
    "latitude": 34.988,
    "longitude": 135.066,
    "name": "兵庫県南東部",
  },
  {
    "latitude": 34.934,
    "longitude": 134.555,
    "name": "兵庫県南西部",
  },
  {
    "latitude": 34.400,
    "longitude": 134.860,
    "name": "兵庫県淡路島",
  },
  {
    "latitude": 34.781,
    "longitude": 135.557,
    "name": "大阪府北部",
  },
  {
    "latitude": 34.507,
    "longitude": 135.513,
    "name": "大阪府南部",
  },
  {
    "latitude": 34.491,
    "longitude": 135.895,
    "name": "奈良県",
  },
  {
    "latitude": 34.158,
    "longitude": 135.360,
    "name": "和歌山県北部",
  },
  {
    "latitude": 33.608,
    "longitude": 135.667,
    "name": "和歌山県南部",
  },
  {
    "latitude": 35.453,
    "longitude": 134.338,
    "name": "鳥取県東部",
  },
  {
    "latitude": 35.477,
    "longitude": 133.802,
    "name": "鳥取県中部",
  },
  {
    "latitude": 35.450,
    "longitude": 133.484,
    "name": "鳥取県西部",
  },
  {
    "latitude": 35.350,
    "longitude": 133.006,
    "name": "島根県東部",
  },
  {
    "latitude": 34.853,
    "longitude": 132.086,
    "name": "島根県西部",
  },
  {
    "latitude": 36.263,
    "longitude": 133.286,
    "name": "島根県隠岐",
  },
  {
    "latitude": 35.139,
    "longitude": 133.887,
    "name": "岡山県北部",
  },
  {
    "latitude": 34.677,
    "longitude": 133.890,
    "name": "岡山県南部",
  },
  {
    "latitude": 34.894,
    "longitude": 132.937,
    "name": "広島県北部",
  },
  {
    "latitude": 34.544,
    "longitude": 133.091,
    "name": "広島県南東部",
  },
  {
    "latitude": 34.482,
    "longitude": 132.473,
    "name": "広島県南西部",
  },
  {
    "latitude": 34.374,
    "longitude": 131.437,
    "name": "山口県北部",
  },
  {
    "latitude": 34.119,
    "longitude": 132.053,
    "name": "山口県東部",
  },
  {
    "latitude": 34.094,
    "longitude": 131.575,
    "name": "山口県中部",
  },
  {
    "latitude": 34.078,
    "longitude": 130.973,
    "name": "山口県西部",
  },
  {
    "latitude": 34.263,
    "longitude": 134.170,
    "name": "香川県東部",
  },
  {
    "latitude": 34.140,
    "longitude": 133.736,
    "name": "香川県西部",
  },
  {
    "latitude": 34.006,
    "longitude": 134.192,
    "name": "徳島県北部",
  },
  {
    "latitude": 33.727,
    "longitude": 134.464,
    "name": "徳島県南部",
  },
  {
    "latitude": 33.50,
    "longitude": 134.008,
    "name": "高知県東部",
  },
  {
    "latitude": 33.555,
    "longitude": 133.506,
    "name": "高知県中部",
  },
  {
    "latitude": 33.036,
    "longitude": 132.981,
    "name": "高知県西部",
  },
  {
    "latitude": 33.867,
    "longitude": 133.289,
    "name": "愛媛県東予",
  },
  {
    "latitude": 33.629,
    "longitude": 132.885,
    "name": "愛媛県中予",
  },
  {
    "latitude": 33.370,
    "longitude": 132.643,
    "name": "愛媛県南予",
  },
  {
    "latitude": 33.714,
    "longitude": 130.921,
    "name": "福岡県北九州",
  },
  {
    "latitude": 33.647,
    "longitude": 130.740,
    "name": "福岡県筑豊",
  },
  {
    "latitude": 33.538,
    "longitude": 130.320,
    "name": "福岡県福岡",
  },
  {
    "latitude": 33.230,
    "longitude": 130.608,
    "name": "福岡県筑後",
  },
  {
    "latitude": 33.311,
    "longitude": 129.957,
    "name": "佐賀県北部",
  },
  {
    "latitude": 33.150,
    "longitude": 130.108,
    "name": "佐賀県南部",
  },
  {
    "latitude": 33.330,
    "longitude": 129.603,
    "name": "長崎県北部",
  },
  {
    "latitude": 32.704,
    "longitude": 129.861,
    "name": "長崎県南西部",
  },
  {
    "latitude": 32.760,
    "longitude": 130.286,
    "name": "長崎県島原半島",
  },
  {
    "latitude": 32.958,
    "longitude": 129.084,
    "name": "長崎県五島",
  },
  {
    "latitude": 33.803,
    "longitude": 129.696,
    "name": "長崎県壱岐",
  },
  {
    "latitude": 34.449,
    "longitude": 129.317,
    "name": "長崎県対馬",
  },
  {
    "latitude": 33.522,
    "longitude": 131.240,
    "name": "大分県北部",
  },
{
  "latitude": 33.201,
  "longitude": 131.597,
  "name": "大分県中部"
},
{
  "latitude": 33.289,
  "longitude": 131.119,
  "name": "大分県西部"
},
{
  "latitude": 32.910,
  "longitude": 131.707,
  "name": "大分県南部"
},
  {
    "latitude": 32.830,
    "longitude": 130.803,
    "name": "熊本県熊本",
  },
  {
    "latitude": 32.926,
    "longitude": 131.146,
    "name": "熊本県阿蘇",
  },
  {
    "latitude": 32.250,
    "longitude": 130.374,
    "name": "熊本県天草・芦北",
  },
  {
    "latitude": 32.394,
    "longitude": 130.951,
    "name": "熊本県球磨",
  },
  {
    "latitude": 32.548,
    "longitude": 131.600,
    "name": "宮崎県北部平野部",
  },
  {
    "latitude": 32.501,
    "longitude": 131.245,
    "name": "宮崎県北部山沿い",
  },
  {
    "latitude": 31.855,
    "longitude": 131.405,
    "name": "宮崎県南部平野部",
  },
  {
    "latitude": 31.967,
    "longitude": 131.089,
    "name": "宮崎県南部山沿い",
  },
  {
    "latitude": 31.389,
    "longitude": 130.951,
    "name": "鹿児島県大隅",
  },
  {
    "latitude": 31.670,
    "longitude": 130.501,
    "name": "鹿児島県薩摩",
  },
  {
    "latitude": 31.668,
    "longitude": 129.713,
    "name": "鹿児島県甑島",
  },
  {
    "latitude": 30.537,
    "longitude": 130.962,
    "name": "鹿児島県種子島",
  },
  {
    "latitude": 30.340,
    "longitude": 130.509,
    "name": "鹿児島県屋久島",
  },
  {
    "latitude": 29.787,
    "longitude": 129.828,
    "name": "鹿児島県十島村",
  },
  {
    "latitude": 28.431,
    "longitude": 129.603,
    "name": "鹿児島県奄美北部",
  },
  {
    "latitude": 27.697,
    "longitude": 128.924,
    "name": "鹿児島県奄美南部",
  },
  {
    "latitude": 26.714,
    "longitude": 128.257,
    "name": "沖縄県本島北部",
  },
  {
    "latitude": 26.262,
    "longitude": 127.763,
    "name": "沖縄県本島中南部",
  },
  {
    "latitude": 26.350,
    "longitude": 126.779,
    "name": "沖縄県久米島",
  },
  {
    "latitude": 25.860,
    "longitude": 131.231,
    "name": "沖縄県大東島",
  },
  {
    "latitude": 24.760,
    "longitude": 125.307,
    "name": "沖縄県宮古島",
  },
  {
    "latitude": 24.396,
    "longitude": 124.214,
    "name": "沖縄県石垣島",
  },
  {
    "latitude": 24.308,
    "longitude": 123.736,
    "name": "沖縄県西表島",
  },
  {
    "latitude": 24.463,
    "longitude": 123.033,
    "name": "沖縄県与那国島",
  }
]