{
  "ColorMap": {
    "IntColor": [
      {
        "IntNum": 0,
        "Color_RGB": "40, 40, 40",
        "IntTextColor": "255,255,255",
        "Edge": "20,20,20"
      },
      {
        "IntNum": 1,
        "Color_RGB": "70, 80, 90",
        "IntTextColor": "255,255,255",
        "Edge": "40, 50, 60"
      },
      {
        "IntNum": 2,
        "Color_RGB": "50, 150, 220",
        "IntTextColor": "255,255,255",
        "Edge": "30, 130, 200"
      },
      {
        "IntNum": 3,
        "Color_RGB": "80, 220, 220",
        "IntTextColor": "30, 30, 30",
        "Edge": "40, 180, 180"
      },
      {
        "IntNum": 4,
        "Color_RGB": "230, 230, 100",
        "IntTextColor": "30, 30, 30",
        "Edge": "200, 200, 70"
      },
      {
        "IntNum": 5,
        "Color_RGB": "220, 170, 50",
        "IntTextColor": "30, 30, 30",
        "Edge": "190, 140, 0"
      },
      {
        "IntNum": 6,
        "Color_RGB": "220, 130, 0",
        "IntTextColor": "30, 30, 30",
        "Edge": "190, 100, 0"
      },
      {
        "IntNum": 7,
        "Color_RGB": "200, 15, 0",
        "IntTextColor": "255,255,0",
        "Edge": "150, 0, 0"
      },
      {
        "IntNum": 8,
        "Color_RGB": "110, 5, 0",
        "IntTextColor": "255,255,0",
        "Edge": "70, 0, 0"
      },
      {
        "IntNum": 9,
        "Color_RGB": "100, 0, 100",
        "IntTextColor": "255,255,0",
        "Edge": "70, 0, 70"
      }
    ]
  },
  "MapColor": {
    "Quake": {
      "Sea": "10, 15, 20",
      "JpLand": "30, 35, 40",
      "JpRorder": "230, 230, 230",
      "JpRorderRegion": "130, 130, 130",
      "WorldLand": "20,25,30",
      "WorldRorder": "100, 100, 100"
    }
  },
  "WindowSize": {
    "Width": 789,
    "Height": 482
  }
}